Workbook

Sheet Guide
A1: Backlink Tracker — Entertainment SEO
A3: HOW TO USE / طريقة الاستخدام
A4: Yellow cells = you (or the agent) type here | C4: الخلايا الصفراء = إدخال يدوي. الخلايا البيضاء = معادلات لا تُعدّل.
A5: Blue text = input values | C5: النص الأزرق = قيم مُدخلة. النص الأسود = نتائج معادلات.
A6: Row 2 of each sheet is an EXAMPLE | C6: الصف الثاني في كل ورقة مثال توضيحي — احذفه أو استبدله.
A8: SCORING WEIGHTS (Module 3) | B8: Weight | C8: Edit weights here; all scores recalculate. / عدّل الأوزان هنا
A9: Authority (DR) | B9: 0.3 | C9: Ahrefs DR 0-100
A10: Relevance | B10: 0.3 | C10: 0-100: 90+ same niche (drama/anime/movies), 70 broad entertainment, <50 off-topic
A11: Traffic | B11: 0.2 | C11: Converted to points with the table below
A12: Content Quality | B12: 0.1 | C12: 0-100: original, updated, real authors, editorial standards
A13: Spam Safety (100 − Spam Risk) | B13: 0.1 | C13: Spam Risk 0-100: 0 = clean, 100 = obvious link farm
A14: Total | B14: =SUM(B9:B13) | C14: Must equal 100%
A15: Priority threshold | B15: 80 | C15: Only score ≥ this is prioritized
A17: TRAFFIC → POINTS | B17: Points | C17: Monthly organic traffic lower bound (Ahrefs/Semrush)
A18: 0 | B18: 10
A19: 1000 | B19: 25
A20: 10000 | B20: 45
A21: 50000 | B21: 60
A22: 100000 | B22: 70
A23: 500000 | B23: 85
A24: 1000000 | B24: 95
A25: 5000000 | B25: 100
A27: STATUS VALUES | C27: OPPORTUNITY TYPES
A28: Prospect | C28: Guest Post
A29: Qualified | C29: Editorial Article
A30: Contacted | C30: Resource Page
A31: Follow-up | C31: Interview
A32: Replied | C32: Review
A33: Accepted | C33: Entertainment List
A34: Draft Sent | C34: News Mention
A35: Published | C35: Community Contribution
A36: Rejected
A37: No Response
A39: Sources: weights & threshold from the user's agent specification (Module 3). Traffic bands are an adjustable assumption.

Sheet Dashboard
A1: Dashboard
A2: Opportunities tracked | B2: =COUNTA(Tracker!$A$2:$A$501)
A3: Priority (score ≥ threshold) | B3: =COUNTIF(Tracker!$U$2:$U$501,"PRIORITY")
A4: DR 80+ opportunities | B4: =COUNTIF(Tracker!$C$2:$C$501,">=80")
A5: Contacted / Follow-up | B5: =COUNTIF(Tracker!$K$2:$K$501,"Contacted")+COUNTIF(Tracker!$K$2:$K$501,"Follow-up")
A6: Accepted | B6: =COUNTIF(Tracker!$K$2:$K$501,"Accepted")
A7: Published | B7: =COUNTIF(Tracker!$K$2:$K$501,"Published")
A8: Rejected / No response | B8: =COUNTIF(Tracker!$K$2:$K$501,"Rejected")+COUNTIF(Tracker!$K$2:$K$501,"No Response")
A9: Reply rate | B9: =IFERROR((COUNTIF(Tracker!$K$2:$K$501,"Replied")+COUNTIF(Tracker!$K$2:$K$501,"Accepted")+COUNTIF(Tracker!$K$2:$K$501,"Draft Sent")+COUNTIF(Tracker!$K$2:$K$501,"Published"))/(B5+COUNTIF(Tracker!$K$2:$K$501,"Replied")+COUNTIF(Tracker!$K$2:$K$501,"Accepted")+COUNTIF(Tracker!$K$2:$K$501,"Draft Sent")+COUNTIF(Tracker!$K$2:$K$501,"Published")+COUNTIF(Tracker!$K$2:$K$501,"No Response")),0)
A10: Live links (latest checks) | B10: =COUNTIF('Link Monitoring'!$H$2:$H$501,"Live*")
A11: Lost links | B11: =COUNTIF('Link Monitoring'!$H$2:$H$501,"Lost")
A12: Follow-ups due today | B12: =COUNTIFS('Outreach Log'!$K$2:$K$501,"Waiting",'Outreach Log'!$H$2:$H$501,TODAY())+COUNTIFS('Outreach Log'!$K$2:$K$501,"Waiting",'Outreach Log'!$I$2:$I$501,TODAY())+COUNTIFS('Outreach Log'!$K$2:$K$501,"Waiting",'Outreach Log'!$J$2:$J$501,TODAY())

Sheet Tracker
A1: Website | B1: URL | C1: DR | D1: Traffic | E1: Country | F1: Language | G1: Niche | H1: Contact Email | I1: Opportunity Type | J1: Article Topic | K1: Status | L1: Published URL | M1: Anchor Text | N1: Date | O1: Notes | P1: Relevance (0-100) | Q1: Content Quality (0-100) | R1: Spam Risk (0-100) | S1: Traffic Points | T1: Score | U1: Priority
A2: dramafansmag.example | B2: https://dramafansmag.example/write-for-us | C2: 82 | D2: 650000 | E2: US | F2: English | G2: Asian Drama | H2: editor@dramafansmag.example | I2: Guest Post | J2: Hidden Gem Chinese Historical Dramas | K2: Qualified | N2: 46290 | O2: Guidelines: 1,200+ words, 1 link | P2: 92 | Q2: 85 | R2: 5 | S2: =IF(D2="","",INDEX(Guide!$B$18:$B$25,MATCH(D2,Guide!$A$18:$A$25,1))) | T2: =IF(OR(C2="",P2="",Q2="",R2="",D2=""),"",ROUND(C2*Guide!$B$9+P2*Guide!$B$10+S2*Guide!$B$11+Q2*Guide!$B$12+(100-R2)*Guide!$B$13,1)) | U2: =IF(T2="","",IF(T2>=Guide!$B$15,"PRIORITY","Low"))
S3: =IF(D3="","",INDEX(Guide!$B$18:$B$25,MATCH(D3,Guide!$A$18:$A$25,1))) | T3: =IF(OR(C3="",P3="",Q3="",R3="",D3=""),"",ROUND(C3*Guide!$B$9+P3*Guide!$B$10+S3*Guide!$B$11+Q3*Guide!$B$12+(100-R3)*Guide!$B$13,1)) | U3: =IF(T3="","",IF(T3>=Guide!$B$15,"PRIORITY","Low"))
S4: =IF(D4="","",INDEX(Guide!$B$18:$B$25,MATCH(D4,Guide!$A$18:$A$25,1))) | T4: =IF(OR(C4="",P4="",Q4="",R4="",D4=""),"",ROUND(C4*Guide!$B$9+P4*Guide!$B$10+S4*Guide!$B$11+Q4*Guide!$B$12+(100-R4)*Guide!$B$13,1)) | U4: =IF(T4="","",IF(T4>=Guide!$B$15,"PRIORITY","Low"))
S5: =IF(D5="","",INDEX(Guide!$B$18:$B$25,MATCH(D5,Guide!$A$18:$A$25,1))) | T5: =IF(OR(C5="",P5="",Q5="",R5="",D5=""),"",ROUND(C5*Guide!$B$9+P5*Guide!$B$10+S5*Guide!$B$11+Q5*Guide!$B$12+(100-R5)*Guide!$B$13,1)) | U5: =IF(T5="","",IF(T5>=Guide!$B$15,"PRIORITY","Low"))
S6: =IF(D6="","",INDEX(Guide!$B$18:$B$25,MATCH(D6,Guide!$A$18:$A$25,1))) | T6: =IF(OR(C6="",P6="",Q6="",R6="",D6=""),"",ROUND(C6*Guide!$B$9+P6*Guide!$B$10+S6*Guide!$B$11+Q6*Guide!$B$12+(100-R6)*Guide!$B$13,1)) | U6: =IF(T6="","",IF(T6>=Guide!$B$15,"PRIORITY","Low"))
S7: =IF(D7="","",INDEX(Guide!$B$18:$B$25,MATCH(D7,Guide!$A$18:$A$25,1))) | T7: =IF(OR(C7="",P7="",Q7="",R7="",D7=""),"",ROUND(C7*Guide!$B$9+P7*Guide!$B$10+S7*Guide!$B$11+Q7*Guide!$B$12+(100-R7)*Guide!$B$13,1)) | U7: =IF(T7="","",IF(T7>=Guide!$B$15,"PRIORITY","Low"))
S8: =IF(D8="","",INDEX(Guide!$B$18:$B$25,MATCH(D8,Guide!$A$18:$A$25,1))) | T8: =IF(OR(C8="",P8="",Q8="",R8="",D8=""),"",ROUND(C8*Guide!$B$9+P8*Guide!$B$10+S8*Guide!$B$11+Q8*Guide!$B$12+(100-R8)*Guide!$B$13,1)) | U8: =IF(T8="","",IF(T8>=Guide!$B$15,"PRIORITY","Low"))
S9: =IF(D9="","",INDEX(Guide!$B$18:$B$25,MATCH(D9,Guide!$A$18:$A$25,1))) | T9: =IF(OR(C9="",P9="",Q9="",R9="",D9=""),"",ROUND(C9*Guide!$B$9+P9*Guide!$B$10+S9*Guide!$B$11+Q9*Guide!$B$12+(100-R9)*Guide!$B$13,1)) | U9: =IF(T9="","",IF(T9>=Guide!$B$15,"PRIORITY","Low"))
S10: =IF(D10="","",INDEX(Guide!$B$18:$B$25,MATCH(D10,Guide!$A$18:$A$25,1))) | T10: =IF(OR(C10="",P10="",Q10="",R10="",D10=""),"",ROUND(C10*Guide!$B$9+P10*Guide!$B$10+S10*Guide!$B$11+Q10*Guide!$B$12+(100-R10)*Guide!$B$13,1)) | U10: =IF(T10="","",IF(T10>=Guide!$B$15,"PRIORITY","Low"))
S11: =IF(D11="","",INDEX(Guide!$B$18:$B$25,MATCH(D11,Guide!$A$18:$A$25,1))) | T11: =IF(OR(C11="",P11="",Q11="",R11="",D11=""),"",ROUND(C11*Guide!$B$9+P11*Guide!$B$10+S11*Guide!$B$11+Q11*Guide!$B$12+(100-R11)*Guide!$B$13,1)) | U11: =IF(T11="","",IF(T11>=Guide!$B$15,"PRIORITY","Low"))
S12: =IF(D12="","",INDEX(Guide!$B$18:$B$25,MATCH(D12,Guide!$A$18:$A$25,1))) | T12: =IF(OR(C12="",P12="",Q12="",R12="",D12=""),"",ROUND(C12*Guide!$B$9+P12*Guide!$B$10+S12*Guide!$B$11+Q12*Guide!$B$12+(100-R12)*Guide!$B$13,1)) | U12: =IF(T12="","",IF(T12>=Guide!$B$15,"PRIORITY","Low"))
S13: =IF(D13="","",INDEX(Guide!$B$18:$B$25,MATCH(D13,Guide!$A$18:$A$25,1))) | T13: =IF(OR(C13="",P13="",Q13="",R13="",D13=""),"",ROUND(C13*Guide!$B$9+P13*Guide!$B$10+S13*Guide!$B$11+Q13*Guide!$B$12+(100-R13)*Guide!$B$13,1)) | U13: =IF(T13="","",IF(T13>=Guide!$B$15,"PRIORITY","Low"))
S14: =IF(D14="","",INDEX(Guide!$B$18:$B$25,MATCH(D14,Guide!$A$18:$A$25,1))) | T14: =IF(OR(C14="",P14="",Q14="",R14="",D14=""),"",ROUND(C14*Guide!$B$9+P14*Guide!$B$10+S14*Guide!$B$11+Q14*Guide!$B$12+(100-R14)*Guide!$B$13,1)) | U14: =IF(T14="","",IF(T14>=Guide!$B$15,"PRIORITY","Low"))
... S501: =IF(D501="","",INDEX(Guide!$B$18:$B$25,MATCH(D501,Guide!$A$18:$A$25,1))) | T501: =IF(OR(C501="",P501="",Q501="",R501="",D501=""),"",ROUND(C501*Guide!$B$9+P501*Guide!$B$10+S501*Guide!$B$11+Q501*Guide!$B$12+(100-R501)*Guide!$B$13,1)) | U501: =IF(T501="","",IF(T501>=Guide!$B$15,"PRIORITY","Low"))

Sheet Competitor Backlinks
A1: Competitor | B1: Referring Domain | C1: Backlink URL | D1: DR (Ahrefs) | E1: Authority Score (Semrush) | F1: Organic Traffic | G1: Anchor Text | H1: Link Type | I1: Content Category | J1: Date Found | K1: Qualifies (DR70+)
A2: competitor-drama.example | B2: animenewsdaily.example | C2: https://animenewsdaily.example/top-cdramas-2026 | D2: 78 | E2: 61 | F2: 420000 | G2: Chinese drama guide | H2: Dofollow | I2: Entertainment list | J2: 46290 | K2: =IF(D2="","",IF(D2>=70,"YES","no"))
K3: =IF(D3="","",IF(D3>=70,"YES","no"))
K4: =IF(D4="","",IF(D4>=70,"YES","no"))
K5: =IF(D5="","",IF(D5>=70,"YES","no"))
K6: =IF(D6="","",IF(D6>=70,"YES","no"))
K7: =IF(D7="","",IF(D7>=70,"YES","no"))
K8: =IF(D8="","",IF(D8>=70,"YES","no"))
K9: =IF(D9="","",IF(D9>=70,"YES","no"))
K10: =IF(D10="","",IF(D10>=70,"YES","no"))
K11: =IF(D11="","",IF(D11>=70,"YES","no"))
K12: =IF(D12="","",IF(D12>=70,"YES","no"))
K13: =IF(D13="","",IF(D13>=70,"YES","no"))
K14: =IF(D14="","",IF(D14>=70,"YES","no"))
... K501: =IF(D501="","",IF(D501>=70,"YES","no"))

Sheet Outreach Log
A1: Website | B1: Contact Name | C1: Contact Email | D1: Language | E1: Subject | F1: Article Idea | G1: Sent Date | H1: Follow-up Day 3 | I1: Follow-up Day 7 | J1: Follow-up Day 14 | K1: Reply Status | L1: Next Action
A2: dramafansmag.example | B2: Mia | C2: editor@dramafansmag.example | D2: English | E2: Guest article idea for Drama Fans Mag: hidden-gem historical C-dramas | F2: Hidden Gem Chinese Historical Dramas | G2: 46290 | H2: =IF(G2="","",G2+3) | I2: =IF(G2="","",G2+7) | J2: =IF(G2="","",G2+14) | K2: Waiting | L2: Send Day 3 follow-up
H3: =IF(G3="","",G3+3) | I3: =IF(G3="","",G3+7) | J3: =IF(G3="","",G3+14)
H4: =IF(G4="","",G4+3) | I4: =IF(G4="","",G4+7) | J4: =IF(G4="","",G4+14)
H5: =IF(G5="","",G5+3) | I5: =IF(G5="","",G5+7) | J5: =IF(G5="","",G5+14)
H6: =IF(G6="","",G6+3) | I6: =IF(G6="","",G6+7) | J6: =IF(G6="","",G6+14)
H7: =IF(G7="","",G7+3) | I7: =IF(G7="","",G7+7) | J7: =IF(G7="","",G7+14)
H8: =IF(G8="","",G8+3) | I8: =IF(G8="","",G8+7) | J8: =IF(G8="","",G8+14)
H9: =IF(G9="","",G9+3) | I9: =IF(G9="","",G9+7) | J9: =IF(G9="","",G9+14)
H10: =IF(G10="","",G10+3) | I10: =IF(G10="","",G10+7) | J10: =IF(G10="","",G10+14)
H11: =IF(G11="","",G11+3) | I11: =IF(G11="","",G11+7) | J11: =IF(G11="","",G11+14)
H12: =IF(G12="","",G12+3) | I12: =IF(G12="","",G12+7) | J12: =IF(G12="","",G12+14)
H13: =IF(G13="","",G13+3) | I13: =IF(G13="","",G13+7) | J13: =IF(G13="","",G13+14)
H14: =IF(G14="","",G14+3) | I14: =IF(G14="","",G14+7) | J14: =IF(G14="","",G14+14)
... H501: =IF(G501="","",G501+3) | I501: =IF(G501="","",G501+7) | J501: =IF(G501="","",G501+14)

Sheet Link Monitoring
A1: Published URL | B1: Website | C1: Check Date | D1: Link Found | E1: Rel | F1: Page Indexed | G1: Anchor Text | H1: Link Status | I1: Notes
A2: https://dramafansmag.example/hidden-gem-historical-cdramas | B2: dramafansmag.example | C2: 46315 | D2: Yes | E2: Dofollow | F2: Yes | G2: YourSite | H2: =IF(D2="","",IF(D2="No","Lost",IF(E2="Dofollow","Live","Live (nofollow)")))
H3: =IF(D3="","",IF(D3="No","Lost",IF(E3="Dofollow","Live","Live (nofollow)")))
H4: =IF(D4="","",IF(D4="No","Lost",IF(E4="Dofollow","Live","Live (nofollow)")))
H5: =IF(D5="","",IF(D5="No","Lost",IF(E5="Dofollow","Live","Live (nofollow)")))
H6: =IF(D6="","",IF(D6="No","Lost",IF(E6="Dofollow","Live","Live (nofollow)")))
H7: =IF(D7="","",IF(D7="No","Lost",IF(E7="Dofollow","Live","Live (nofollow)")))
H8: =IF(D8="","",IF(D8="No","Lost",IF(E8="Dofollow","Live","Live (nofollow)")))
H9: =IF(D9="","",IF(D9="No","Lost",IF(E9="Dofollow","Live","Live (nofollow)")))
H10: =IF(D10="","",IF(D10="No","Lost",IF(E10="Dofollow","Live","Live (nofollow)")))
H11: =IF(D11="","",IF(D11="No","Lost",IF(E11="Dofollow","Live","Live (nofollow)")))
H12: =IF(D12="","",IF(D12="No","Lost",IF(E12="Dofollow","Live","Live (nofollow)")))
H13: =IF(D13="","",IF(D13="No","Lost",IF(E13="Dofollow","Live","Live (nofollow)")))
H14: =IF(D14="","",IF(D14="No","Lost",IF(E14="Dofollow","Live","Live (nofollow)")))
... H501: =IF(D501="","",IF(D501="No","Lost",IF(E501="Dofollow","Live","Live (nofollow)")))
